{"cameraMode":{"drawMode":0,"name":"Shaded","section":"Shading Mode"},"sceneLighting":false,"audioPlay":false,"sceneViewState":{"showFog":false,"showMaterialUpdate":false,"showSkybox":false,"showFlares":false,"showImageEffects":false,"showParticleSystems":false},"in2DMode":false,"pivot":{"x":0.6841888427734375,"y":-1.8858466148376465,"z":2.751124858856201},"rotation":{"x":-0.049983907490968707,"y":-0.7940313816070557,"z":0.0659048780798912,"w":-0.6022408604621887},"size":8.349570274353028,"orthographic":false}