{"cameraMode":{"drawMode":0,"name":"Shaded","section":"Shading Mode"},"sceneLighting":false,"audioPlay":false,"sceneViewState":{"showFog":false,"showMaterialUpdate":false,"showSkybox":false,"showFlares":false,"showImageEffects":false,"showParticleSystems":false},"in2DMode":false,"pivot":{"x":147.96282958984376,"y":77.22248840332031,"z":-263.745849609375},"rotation":{"x":0.008133863098919392,"y":-0.959044337272644,"z":0.0276334248483181,"w":0.2819386124610901},"size":48.32745361328125,"orthographic":false}