{"cameraMode":{"drawMode":0,"name":"Shaded","section":"Shading Mode"},"sceneLighting":false,"audioPlay":false,"sceneViewState":{"showFog":false,"showMaterialUpdate":false,"showSkybox":false,"showFlares":false,"showImageEffects":false,"showParticleSystems":false},"in2DMode":false,"pivot":{"x":-3.6642885208129885,"y":-0.3328564763069153,"z":1.7730027437210084},"rotation":{"x":-0.049983907490968707,"y":-0.7940313816070557,"z":0.0659048780798912,"w":-0.6022408604621887},"size":6.4356913566589359,"orthographic":false}