{"cameraMode":{"drawMode":0,"name":"Shaded","section":"Shading Mode"},"sceneLighting":false,"audioPlay":false,"sceneViewState":{"showFog":false,"showMaterialUpdate":false,"showSkybox":false,"showFlares":false,"showImageEffects":false,"showParticleSystems":false},"in2DMode":false,"pivot":{"x":-0.0735866129398346,"y":0.021003782749176027,"z":-0.021242737770080568},"rotation":{"x":-0.2981826066970825,"y":0.2459939867258072,"z":-0.07983393222093582,"w":-0.9188053607940674},"size":1.245234489440918,"orthographic":false}