{"cameraMode":{"drawMode":0,"name":"Shaded","section":"Shading Mode"},"sceneLighting":false,"audioPlay":false,"sceneViewState":{"showFog":false,"showMaterialUpdate":false,"showSkybox":false,"showFlares":false,"showImageEffects":false,"showParticleSystems":false},"in2DMode":false,"pivot":{"x":8.674869537353516,"y":8.937705039978028,"z":-1.4301156997680665},"rotation":{"x":-0.04037952050566673,"y":-0.14279364049434663,"z":0.005830043461173773,"w":-0.988913357257843},"size":6.301105499267578,"orthographic":false}