{"cameraMode":{"drawMode":0,"name":"Shaded","section":"Shading Mode"},"sceneLighting":false,"audioPlay":false,"sceneViewState":{"showFog":false,"showMaterialUpdate":false,"showSkybox":false,"showFlares":false,"showImageEffects":false,"showParticleSystems":false},"in2DMode":false,"pivot":{"x":-190.3220672607422,"y":102.04612731933594,"z":260.65191650390627},"rotation":{"x":-0.21312639117240907,"y":-0.5858330130577087,"z":0.16327838599681855,"w":-0.76470547914505},"size":17.45733070373535,"orthographic":false}