{"cameraMode":{"drawMode":0,"name":"Shaded","section":"Shading Mode"},"sceneLighting":false,"audioPlay":false,"sceneViewState":{"showFog":false,"showMaterialUpdate":false,"showSkybox":false,"showFlares":false,"showImageEffects":false,"showParticleSystems":false},"in2DMode":false,"pivot":{"x":15.357454299926758,"y":3.043506622314453,"z":21.662830352783204},"rotation":{"x":-0.047849927097558978,"y":-0.42164528369903567,"z":0.022286098450422288,"w":-0.9052321910858154},"size":11.859345436096192,"orthographic":false}