{"cameraMode":{"drawMode":0,"name":"Shaded","section":"Shading Mode"},"sceneLighting":false,"audioPlay":false,"sceneViewState":{"showFog":false,"showMaterialUpdate":false,"showSkybox":false,"showFlares":false,"showImageEffects":false,"showParticleSystems":false},"in2DMode":false,"pivot":{"x":2.603801727294922,"y":-0.36837053298950198,"z":6.675729274749756},"rotation":{"x":-0.10022062808275223,"y":0.5462195873260498,"z":-0.0660347118973732,"w":-0.8290031552314758},"size":11.680530548095704,"orthographic":false}