{"cameraMode":{"drawMode":0,"name":"Shaded","section":"Shading Mode"},"sceneLighting":false,"audioPlay":false,"sceneViewState":{"showFog":false,"showMaterialUpdate":false,"showSkybox":false,"showFlares":false,"showImageEffects":false,"showParticleSystems":false},"in2DMode":false,"pivot":{"x":-4.76837158203125e-7,"y":-0.3241863250732422,"z":1.2152938842773438},"rotation":{"x":-0.012308502569794655,"y":0.008096449077129364,"z":-0.00008898252417566255,"w":-0.9999051690101624},"size":20.84014129638672,"orthographic":false}