{"cameraMode":{"drawMode":0,"name":"Shaded","section":"Shading Mode"},"sceneLighting":false,"audioPlay":false,"sceneViewState":{"showFog":false,"showMaterialUpdate":false,"showSkybox":false,"showFlares":false,"showImageEffects":false,"showParticleSystems":false},"in2DMode":false,"pivot":{"x":-307.3062744140625,"y":53.69140625,"z":-57.67658996582031},"rotation":{"x":0.11491043120622635,"y":0.7843993306159973,"z":-0.15273050963878632,"w":0.5901175737380981},"size":53.4085693359375,"orthographic":false}