{"cameraMode":{"drawMode":0,"name":"Shaded","section":"Shading Mode"},"sceneLighting":false,"audioPlay":false,"sceneViewState":{"showFog":false,"showMaterialUpdate":false,"showSkybox":false,"showFlares":false,"showImageEffects":false,"showParticleSystems":false},"in2DMode":false,"pivot":{"x":-1.1425457000732422,"y":5.310052871704102,"z":1.438741683959961},"rotation":{"x":-0.10409276932477951,"y":0.4312453866004944,"z":-0.050167012959718707,"w":-0.8948071599006653},"size":30.165246963500978,"orthographic":false}