{"cameraMode":{"drawMode":0,"name":"Shaded","section":"Shading Mode"},"sceneLighting":false,"audioPlay":false,"sceneViewState":{"showFog":false,"showMaterialUpdate":false,"showSkybox":false,"showFlares":false,"showImageEffects":false,"showParticleSystems":false},"in2DMode":false,"pivot":{"x":8.75126838684082,"y":6.74044132232666,"z":2.884462356567383},"rotation":{"x":0.07523927092552185,"y":-0.0011849652510136366,"z":0.00008889880700735375,"w":0.9971770644187927},"size":30.066308975219728,"orthographic":false}