{"cameraMode":{"drawMode":0,"name":"Shaded","section":"Shading Mode"},"sceneLighting":false,"audioPlay":false,"sceneViewState":{"showFog":false,"showMaterialUpdate":false,"showSkybox":false,"showFlares":false,"showImageEffects":false,"showParticleSystems":false},"in2DMode":false,"pivot":{"x":-103.71620178222656,"y":23.602096557617189,"z":61.91999816894531},"rotation":{"x":0.06613095104694367,"y":-0.7464690208435059,"z":-0.07504305988550186,"w":-0.6578707098960877},"size":5.416433334350586,"orthographic":false}