{"cameraMode":{"drawMode":0,"name":"Shaded","section":"Shading Mode"},"sceneLighting":false,"audioPlay":false,"sceneViewState":{"showFog":false,"showMaterialUpdate":false,"showSkybox":false,"showFlares":false,"showImageEffects":false,"showParticleSystems":false},"in2DMode":false,"pivot":{"x":9.282806396484375,"y":6.098273277282715,"z":-20.72978973388672},"rotation":{"x":-0.13841252028942109,"y":0.8058716654777527,"z":-0.2077568918466568,"w":-0.5368940830230713},"size":26.427894592285158,"orthographic":false}