{"cameraMode":{"drawMode":0,"name":"Shaded","section":"Shading Mode"},"sceneLighting":false,"audioPlay":false,"sceneViewState":{"showFog":false,"showMaterialUpdate":false,"showSkybox":false,"showFlares":false,"showImageEffects":false,"showParticleSystems":false},"in2DMode":false,"pivot":{"x":2.7129387855529787,"y":6.914663791656494,"z":0.7447123527526856},"rotation":{"x":-0.06822287291288376,"y":0.6030371785163879,"z":-0.051873840391635898,"w":-0.7930967807769775},"size":3.30828857421875,"orthographic":false}