{"cameraMode":{"drawMode":0,"name":"Shaded","section":"Shading Mode"},"sceneLighting":false,"audioPlay":false,"sceneViewState":{"showFog":false,"showMaterialUpdate":false,"showSkybox":false,"showFlares":false,"showImageEffects":false,"showParticleSystems":false},"in2DMode":false,"pivot":{"x":-281.7825012207031,"y":95.06552124023438,"z":-53.31934356689453},"rotation":{"x":0.07217878103256226,"y":0.6576904058456421,"z":-0.06353974342346192,"w":0.7471394538879395},"size":22.585899353027345,"orthographic":false}