{"cameraMode":{"drawMode":0,"name":"Shaded","section":"Shading Mode"},"sceneLighting":false,"audioPlay":false,"sceneViewState":{"showFog":false,"showMaterialUpdate":false,"showSkybox":false,"showFlares":false,"showImageEffects":false,"showParticleSystems":false},"in2DMode":false,"pivot":{"x":0.012480199337005616,"y":0.0911526083946228,"z":0.14262795448303224},"rotation":{"x":-0.049983907490968707,"y":-0.7940313816070557,"z":0.0659048780798912,"w":-0.6022408604621887},"size":6.6850481033325199,"orthographic":false}