{"cameraMode":{"drawMode":0,"name":"Shaded","section":"Shading Mode"},"sceneLighting":false,"audioPlay":false,"sceneViewState":{"showFog":false,"showMaterialUpdate":false,"showSkybox":false,"showFlares":false,"showImageEffects":false,"showParticleSystems":false},"in2DMode":false,"pivot":{"x":12.59088134765625,"y":0.9716644287109375,"z":8.8289794921875},"rotation":{"x":-0.31068676710128786,"y":0.2106420397758484,"z":-0.07081419974565506,"w":-0.9241707921028137},"size":76.8061752319336,"orthographic":false}